"PSComputerName","__GENUS","__CLASS","__SUPERCLASS","__DYNASTY","__RELPATH","__PROPERTY_COUNT","__DERIVATION","__SERVER","__NAMESPACE","__PATH","AccountType","Caption","Description","Disabled","Domain","FullName","InstallDate","LocalAccount","Lockout","Name","PasswordChangeable","PasswordExpires","PasswordRequired","SID","SIDType","Status"
"DESKTOP-CV71TUK","2","Win32_UserAccount","Win32_Account","CIM_ManagedSystemElement","Win32_UserAccount.Domain=""DESKTOP-CV71TUK"",Name=""Administrator""","16","System.String[]","DESKTOP-CV71TUK","root\cimv2","\\DESKTOP-CV71TUK\root\cimv2:Win32_UserAccount.Domain=""DESKTOP-CV71TUK"",Name=""Administrator""","512","DESKTOP-CV71TUK\Administrator","Built-in account for administering the computer/domain","True","DESKTOP-CV71TUK","",,"True","False","Administrator","True","False","True","S-1-5-21-202194659-3240811439-4249754198-500","1","Degraded"
"DESKTOP-CV71TUK","2","Win32_UserAccount","Win32_Account","CIM_ManagedSystemElement","Win32_UserAccount.Domain=""DESKTOP-CV71TUK"",Name=""champuser""","16","System.String[]","DESKTOP-CV71TUK","root\cimv2","\\DESKTOP-CV71TUK\root\cimv2:Win32_UserAccount.Domain=""DESKTOP-CV71TUK"",Name=""champuser""","512","DESKTOP-CV71TUK\champuser","","False","DESKTOP-CV71TUK","",,"True","False","champuser","True","False","False","S-1-5-21-202194659-3240811439-4249754198-1002","1","OK"
"DESKTOP-CV71TUK","2","Win32_UserAccount","Win32_Account","CIM_ManagedSystemElement","Win32_UserAccount.Domain=""DESKTOP-CV71TUK"",Name=""DefaultAccount""","16","System.String[]","DESKTOP-CV71TUK","root\cimv2","\\DESKTOP-CV71TUK\root\cimv2:Win32_UserAccount.Domain=""DESKTOP-CV71TUK"",Name=""DefaultAccount""","512","DESKTOP-CV71TUK\DefaultAccount","A user account managed by the system.","True","DESKTOP-CV71TUK","",,"True","False","DefaultAccount","True","False","False","S-1-5-21-202194659-3240811439-4249754198-503","1","Degraded"
"DESKTOP-CV71TUK","2","Win32_UserAccount","Win32_Account","CIM_ManagedSystemElement","Win32_UserAccount.Domain=""DESKTOP-CV71TUK"",Name=""Guest""","16","System.String[]","DESKTOP-CV71TUK","root\cimv2","\\DESKTOP-CV71TUK\root\cimv2:Win32_UserAccount.Domain=""DESKTOP-CV71TUK"",Name=""Guest""","512","DESKTOP-CV71TUK\Guest","Built-in account for guest access to the computer/domain","True","DESKTOP-CV71TUK","",,"True","False","Guest","False","False","False","S-1-5-21-202194659-3240811439-4249754198-501","1","Degraded"
"DESKTOP-CV71TUK","2","Win32_UserAccount","Win32_Account","CIM_ManagedSystemElement","Win32_UserAccount.Domain=""DESKTOP-CV71TUK"",Name=""Justin""","16","System.String[]","DESKTOP-CV71TUK","root\cimv2","\\DESKTOP-CV71TUK\root\cimv2:Win32_UserAccount.Domain=""DESKTOP-CV71TUK"",Name=""Justin""","512","DESKTOP-CV71TUK\Justin","","False","DESKTOP-CV71TUK","",,"True","False","Justin","True","False","False","S-1-5-21-202194659-3240811439-4249754198-1003","1","OK"
"DESKTOP-CV71TUK","2","Win32_UserAccount","Win32_Account","CIM_ManagedSystemElement","Win32_UserAccount.Domain=""DESKTOP-CV71TUK"",Name=""WDAGUtilityAccount""","16","System.String[]","DESKTOP-CV71TUK","root\cimv2","\\DESKTOP-CV71TUK\root\cimv2:Win32_UserAccount.Domain=""DESKTOP-CV71TUK"",Name=""WDAGUtilityAccount""","512","DESKTOP-CV71TUK\WDAGUtilityAccount","A user account managed and used by the system for Windows Defender Application Guard scenarios.","True","DESKTOP-CV71TUK","",,"True","False","WDAGUtilityAccount","True","True","True","S-1-5-21-202194659-3240811439-4249754198-504","1","Degraded"
